source,source_url,saved_filename,bytes,content_type
A_portal,https://strazh.rubezh.com/assets/files/%D0%A0%D1%83%D0%BA%D0%BE%D0%B2%D0%BE%D0%B4%D1%81%D1%82%D0%B2%D0%BE_%D0%BF%D0%BE_%D1%8D%D0%BA%D1%81%D0%BF%D0%BB%D1%83%D0%B0%D1%82%D0%B0%D1%86%D0%B8%D0%B8.pdf,Руководство_по_эксплуатации.pdf,1497536,application/pdf
A_portal,https://strazh.rubezh.com/assets/img/Rubezh%20STRAZH%202022-3%201.png,Rubezh STRAZH 2022-3 1.png,141157,image/png
A_portal,http://files.rubezh.ru/privacy_policy/privacy_policy_tdrubezh.pdf,privacy_policy_tdrubezh.pdf,497460,application/pdf
A_portal,https://files.rubezh.ru/privacy_policy/cookies-agreement_rubezh.docx,cookies-agreement_rubezh.docx,13725,application/vnd.openxmlformats-officedocument.wordprocessingml.document
B_td,https://td.rubezh.ru/download/strazh/rubezh-strazh-manual.pdf,rubezh-strazh-manual.pdf,1285943,application/pdf
B_td,https://products.rubezh.ru/local/templates/td_rubezh_template/assets/files/solutions/strazh/RUBEZH_STRAZH-OSDP-Замок_2023.pdf,RUBEZH_STRAZH-OSDP-Замок_2023.pdf,2748573,application/pdf
B_td,https://products.rubezh.ru/local/templates/td_rubezh_template/assets/files/solutions/strazh/RUBEZH_STRAZH_2024.pdf,RUBEZH_STRAZH_2024.pdf,5264832,application/pdf
B_td,https://products.rubezh.ru/local/templates/td_rubezh_template/assets/files/solutions/strazh/RUBEZH_STRAZH_Web-турникет_2023.pdf,RUBEZH_STRAZH_Web-турникет_2023.pdf,6126612,application/pdf
B_td,https://products.rubezh.ru/local/templates/td_rubezh_template/assets/files/solutions/strazh/RUBEZH_STRAZH_интеграции.pdf,RUBEZH_STRAZH_интеграции.pdf,1493383,application/pdf
B_td,https://products.rubezh.ru/local/templates/td_rubezh_template/assets/files/solutions/strazh/Rubezh-STRAZH-2022.pdf,Rubezh-STRAZH-2022.pdf,5908889,application/pdf
B_td,https://products.rubezh.ru/local/templates/td_rubezh_template/assets/files/solutions/strazh/rubezh-strazh-presentation-turnstiles.pdf,rubezh-strazh-presentation-turnstiles.pdf,1055671,application/pdf
B_td,https://products.rubezh.ru/local/templates/td_rubezh_template/assets/files/solutions/strazh/ПОРТФОЛИО_RS_20230118.pdf,ПОРТФОЛИО_RS_20230118.pdf,3846308,application/pdf
B_td,https://products.rubezh.ru/local/templates/td_rubezh_template/img/pages/solutions/strazh/RUBEZH-strazh.png,RUBEZH-strazh.png,232089,image/png
B_td,https://products.rubezh.ru/local/templates/td_rubezh_template/img/pages/solutions/strazh/equipment/1.png,1.png,16821,image/png
B_td,https://products.rubezh.ru/local/templates/td_rubezh_template/img/pages/solutions/strazh/equipment/2.png,2.png,17061,image/png
B_td,https://products.rubezh.ru/local/templates/td_rubezh_template/img/pages/solutions/strazh/equipment/3.png,3.png,22478,image/png
B_td,https://products.rubezh.ru/local/templates/td_rubezh_template/img/pages/solutions/strazh/equipment/4.png,4.png,10220,image/png
B_td,https://products.rubezh.ru/local/templates/td_rubezh_template/img/pages/solutions/strazh/equipment/5.png,5.png,13642,image/png
B_td,https://products.rubezh.ru/local/templates/td_rubezh_template/img/pages/solutions/strazh/equipment/6.png,6.png,14272,image/png
B_td,https://products.rubezh.ru/local/templates/td_rubezh_template/img/pages/solutions/strazh/yplaylist-1.jpg,yplaylist-1.jpg,16191,image/jpeg
B_td,https://products.rubezh.ru/local/templates/td_rubezh_template/img/pages/solutions/strazh/yplaylist-2.jpg,yplaylist-2.jpg,14065,image/jpeg
B_td,https://products.rubezh.ru/upload/iblock/008/ve7jn8q688w7nu9dpsxf9sf14zmsl533/01ff9b52_8b16_11ec_80db_48df3707765d_7c0ce64a_c499_11ec_80dd_48df3707765d.png,01ff9b52_8b16_11ec_80db_48df3707765d_7c0ce64a_c499_11ec_80dd_48df3707765d.png,143848,image/png
B_td,https://products.rubezh.ru/upload/iblock/01d/v0g7cf232797yjkpwornljzjj3v9a1z1/c21ff9d4_5a3f_11eb_80d7_48df3707765d_071a6a6e_06c0_11ee_adb0_48df3776c5b8.png,c21ff9d4_5a3f_11eb_80d7_48df3707765d_071a6a6e_06c0_11ee_adb0_48df3776c5b8.png,719876,image/png
B_td,https://products.rubezh.ru/upload/iblock/082/eodh1lpkz1il1v01rhnq9aevbumuti1n/03a4a675_8b12_11ec_80db_48df3707765d_38c22888_c566_11ec_80dd_48df3707765d.png,03a4a675_8b12_11ec_80db_48df3707765d_38c22888_c566_11ec_80dd_48df3707765d.png,137925,image/png
B_td,https://products.rubezh.ru/upload/iblock/08a/nhht9wfpdaiymggjmjf8pyipzalua66y/21f1509c_ac26_11ec_80dd_48df3707765d_e29398da_22ba_11ed_80df_48df3707765d.png,21f1509c_ac26_11ec_80dd_48df3707765d_e29398da_22ba_11ed_80df_48df3707765d.png,88688,image/png
B_td,https://products.rubezh.ru/upload/iblock/093/3f836fzk881x1zgtyzt001yxeb68ecmp/8ac6513d_8b10_11ec_80db_48df3707765d_e991e191_c49f_11ec_80dd_48df3707765d.png,8ac6513d_8b10_11ec_80db_48df3707765d_e991e191_c49f_11ec_80dd_48df3707765d.png,140941,image/png
B_td,https://products.rubezh.ru/upload/iblock/0b2/gy63xypanskkjdezedu9ipwsc7x0dly7/8f82d72a_d2f4_11e9_80cf_48df3707765d_25ceb1c0_d2ed_11ea_80d4_48df3707765d.png,8f82d72a_d2f4_11e9_80cf_48df3707765d_25ceb1c0_d2ed_11ea_80d4_48df3707765d.png,253464,image/png
B_td,https://products.rubezh.ru/upload/iblock/134/2wxa68d9mb190s0citwudwgxinkzpgug/e2794890_8b0e_11ec_80db_48df3707765d_9b31169a_c49f_11ec_80dd_48df3707765d.png,e2794890_8b0e_11ec_80db_48df3707765d_9b31169a_c49f_11ec_80dd_48df3707765d.png,117879,image/png
B_td,https://products.rubezh.ru/upload/iblock/1b6/kxzbhjo6fospsbgqldou175axursb9mi/caed7f0d_121d_11ed_80de_48df3707765d_4056b696_3e2f_11ed_80e0_48df3707765d.png,caed7f0d_121d_11ed_80de_48df3707765d_4056b696_3e2f_11ed_80e0_48df3707765d.png,1012483,image/png
B_td,https://products.rubezh.ru/upload/iblock/1c8/ss1l37oj6v3f8paycng8vu6dushpz4s3/8f82d733_d2f4_11e9_80cf_48df3707765d_25ceb1c2_d2ed_11ea_80d4_48df3707765d.jpeg,8f82d733_d2f4_11e9_80cf_48df3707765d_25ceb1c2_d2ed_11ea_80d4_48df3707765d.jpeg,27996,image/jpeg
B_td,https://products.rubezh.ru/upload/iblock/20f/pvnycq18u5i9cc38se90xvqu1v1k9pt7/c0125adf_8b11_11ec_80db_48df3707765d_56ef4345_c566_11ec_80dd_48df3707765d.png,c0125adf_8b11_11ec_80db_48df3707765d_56ef4345_c566_11ec_80dd_48df3707765d.png,137925,image/png
B_td,https://products.rubezh.ru/upload/iblock/21a/ribpdmij3o388pn6ipp3ny20av4f7d0i/e55746ea_121d_11ed_80de_48df3707765d_27334656_3e2f_11ed_80e0_48df3707765d.png,e55746ea_121d_11ed_80de_48df3707765d_27334656_3e2f_11ed_80e0_48df3707765d.png,940939,image/png
B_td,https://products.rubezh.ru/upload/iblock/223/831nlr77wzlxlcil18biba5398fl8uk3/2c28fe1e_8b13_11ec_80db_48df3707765d_8ba6d0d0_c497_11ec_80dd_48df3707765d.png,2c28fe1e_8b13_11ec_80db_48df3707765d_8ba6d0d0_c497_11ec_80dd_48df3707765d.png,126092,image/png
B_td,https://products.rubezh.ru/upload/iblock/33c/0b0wj432n2ny8saj91tif2vd50qhit7h/966f2356_8b14_11ec_80db_48df3707765d_f359e0f0_c498_11ec_80dd_48df3707765d.png,966f2356_8b14_11ec_80db_48df3707765d_f359e0f0_c498_11ec_80dd_48df3707765d.png,169393,image/png
B_td,https://products.rubezh.ru/upload/iblock/34e/rsj7xhj05i9u3xtxkg2i5mxrmkserzwl/c281d0e4_8b15_11ec_80db_48df3707765d_d2cee67a_c499_11ec_80dd_48df3707765d.png,c281d0e4_8b15_11ec_80db_48df3707765d_d2cee67a_c499_11ec_80dd_48df3707765d.png,143848,image/png
B_td,https://products.rubezh.ru/upload/iblock/369/0syrysysw1wq8ww5683fv9dpusiu3747/ce819ae9_8b16_11ec_80db_48df3707765d_dcc7f128_c49a_11ec_80dd_48df3707765d.png,ce819ae9_8b16_11ec_80db_48df3707765d_dcc7f128_c49a_11ec_80dd_48df3707765d.png,216501,image/png
B_td,https://products.rubezh.ru/upload/iblock/494/l1bcx272k2r6vfr0aq6pcwq27wt851z0/423dc7c7_c172_11ed_adb0_48df3776c5b8_64843218_c180_11ed_adb0_48df3776c5b8.png,423dc7c7_c172_11ed_adb0_48df3776c5b8_64843218_c180_11ed_adb0_48df3776c5b8.png,506936,image/png
B_td,https://products.rubezh.ru/upload/iblock/4c5/0kb2eqpjlpzj6rzlxlqkq6f2f3rsdde4/62212cd1_8d5a_11ec_80dc_48df3707765d_f8a0f153_c49b_11ec_80dd_48df3707765d.png,62212cd1_8d5a_11ec_80dc_48df3707765d_f8a0f153_c49b_11ec_80dd_48df3707765d.png,219450,image/png
B_td,https://products.rubezh.ru/upload/iblock/4d3/5ajo23sjifq9ojjc2ibj958gelffrddi/432fbe52_1f56_11eb_80d6_48df3707765d_bee3b728_9387_11eb_80d7_48df3707765d.png,432fbe52_1f56_11eb_80d6_48df3707765d_bee3b728_9387_11eb_80d7_48df3707765d.png,243641,image/png
B_td,https://products.rubezh.ru/upload/iblock/52d/esi7tugdasu6phrsl55z92f9qhxchbuf/226a3a71_8b17_11ec_80db_48df3707765d_b60c9890_c49a_11ec_80dd_48df3707765d.png,226a3a71_8b17_11ec_80db_48df3707765d_b60c9890_c49a_11ec_80dd_48df3707765d.png,216501,image/png
B_td,https://products.rubezh.ru/upload/iblock/54f/jeytn9v1r54b63c934c9926iwyzkeohh/8f82d736_d2f4_11e9_80cf_48df3707765d_295bb6b8_d676_11ec_80dd_48df3707765d.png,8f82d736_d2f4_11e9_80cf_48df3707765d_295bb6b8_d676_11ec_80dd_48df3707765d.png,252061,image/png
B_td,https://products.rubezh.ru/upload/iblock/560/6ln3lboi2eovtks3hjbm95f2haad61fb/4fca480f_8d5c_11ec_80dc_48df3707765d_8831d23b_c49d_11ec_80dd_48df3707765d.png,4fca480f_8d5c_11ec_80dc_48df3707765d_8831d23b_c49d_11ec_80dd_48df3707765d.png,214534,image/png
B_td,https://products.rubezh.ru/upload/iblock/630/2y05mhigvc7jx8tg4ocwt050n10hx7hg/8f82d724_d2f4_11e9_80cf_48df3707765d_cfa7b800_91e4_11eb_80d7_48df3707765d.png,8f82d724_d2f4_11e9_80cf_48df3707765d_cfa7b800_91e4_11eb_80d7_48df3707765d.png,1171113,image/png
B_td,https://products.rubezh.ru/upload/iblock/665/zs0edoyc1q7e5o8jk1u4zy4kqr1pcklh/867cbfae_121d_11ed_80de_48df3707765d_31d83ebc_3e2f_11ed_80e0_48df3707765d.png,867cbfae_121d_11ed_80de_48df3707765d_31d83ebc_3e2f_11ed_80e0_48df3707765d.png,877535,image/png
B_td,https://products.rubezh.ru/upload/iblock/676/6ct82cj21p07yz52zb47wu2wynhidt9e/336f410c_8b0b_11ec_80db_48df3707765d_20d1ad91_c49f_11ec_80dd_48df3707765d.png,336f410c_8b0b_11ec_80db_48df3707765d_20d1ad91_c49f_11ec_80dd_48df3707765d.png,186482,image/png
B_td,https://products.rubezh.ru/upload/iblock/69c/grv54myp47tmwiwvu47p52pznipuyubg/f5bd3498_ac29_11ec_80dd_48df3707765d_c9bd7c5d_22ba_11ed_80df_48df3707765d.png,f5bd3498_ac29_11ec_80dd_48df3707765d_c9bd7c5d_22ba_11ed_80df_48df3707765d.png,94892,image/png
B_td,https://products.rubezh.ru/upload/iblock/6bd/jvsy1ptaobruo28pnknup4jzlbc4jsa0/432fbe5b_1f56_11eb_80d6_48df3707765d_bee3b72a_9387_11eb_80d7_48df3707765d.png,432fbe5b_1f56_11eb_80d6_48df3707765d_bee3b72a_9387_11eb_80d7_48df3707765d.png,210991,image/png
B_td,https://products.rubezh.ru/upload/iblock/6c2/29svimrdljpwjxf61zk1nxmmrv5morh2/f9241629_8b17_11ec_80db_48df3707765d_676071f7_c49b_11ec_80dd_48df3707765d.png,f9241629_8b17_11ec_80db_48df3707765d_676071f7_c49b_11ec_80dd_48df3707765d.png,214098,image/png
B_td,https://products.rubezh.ru/upload/iblock/6db/l76b02h20dtny00oqdeqj19leuefoz2o/83c62155_8b13_11ec_80db_48df3707765d_2c09b443_c498_11ec_80dd_48df3707765d.png,83c62155_8b13_11ec_80db_48df3707765d_2c09b443_c498_11ec_80dd_48df3707765d.png,126092,image/png
B_td,https://products.rubezh.ru/upload/iblock/705/jlnxn8ckw9rbq3bccaej4hytjpb80rbe/22765c8d_8b0f_11ec_80db_48df3707765d_7660df99_c49f_11ec_80dd_48df3707765d.png,22765c8d_8b0f_11ec_80db_48df3707765d_7660df99_c49f_11ec_80dd_48df3707765d.png,117879,image/png
B_td,https://products.rubezh.ru/upload/iblock/7c8/3j1jcghb42yslmzm9teso3corhqo5y2i/e58e0bb9_8b0b_11ec_80db_48df3707765d_f9266a46_c49e_11ec_80dd_48df3707765d.png,e58e0bb9_8b0b_11ec_80db_48df3707765d_f9266a46_c49e_11ec_80dd_48df3707765d.png,186482,image/png
B_td,https://products.rubezh.ru/upload/iblock/819/evoi03m6lrkty0k0gta6y8o236v8vgx3/e4cb825c_8b14_11ec_80db_48df3707765d_b97ca514_c498_11ec_80dd_48df3707765d.png,e4cb825c_8b14_11ec_80db_48df3707765d_b97ca514_c498_11ec_80dd_48df3707765d.png,169393,image/png
B_td,https://products.rubezh.ru/upload/iblock/823/33ra6hp5l8am0vtylrsjwmlingog80c2/f562afb0_8d59_11ec_80dc_48df3707765d_1ff921f7_c49c_11ec_80dd_48df3707765d.png,f562afb0_8d59_11ec_80dc_48df3707765d_1ff921f7_c49c_11ec_80dd_48df3707765d.png,219450,image/png
B_td,https://products.rubezh.ru/upload/iblock/83b/3sy1qjcom8kvz4ofjoquqca4m42zcyky/8be17474_8d5c_11ec_80dc_48df3707765d_5ac81003_c49d_11ec_80dd_48df3707765d.png,8be17474_8d5c_11ec_80dc_48df3707765d_5ac81003_c49d_11ec_80dd_48df3707765d.png,214534,image/png
B_td,https://products.rubezh.ru/upload/iblock/85b/lr392nb376amofuldik1isaxnjhepzy2/39f55d04_8b18_11ec_80db_48df3707765d_191db7f7_c49b_11ec_80dd_48df3707765d.png,39f55d04_8b18_11ec_80db_48df3707765d_191db7f7_c49b_11ec_80dd_48df3707765d.png,214098,image/png
B_td,https://products.rubezh.ru/upload/iblock/98e/irn2klx1h5sob1lq0dtsu20j5twbkpat/30401b1c_4648_11ea_80d1_48df3707765d_fb404b38_a9d6_11ec_80dd_48df3707765d.png,30401b1c_4648_11ea_80d1_48df3707765d_fb404b38_a9d6_11ec_80dd_48df3707765d.png,253464,image/png
B_td,https://products.rubezh.ru/upload/iblock/a04/tr81fodiigtj2c4thussj3bum2peod0h/5a9f025e_8d5d_11ec_80dc_48df3707765d_f8b1a3e1_c49d_11ec_80dd_48df3707765d.png,5a9f025e_8d5d_11ec_80dc_48df3707765d_f8b1a3e1_c49d_11ec_80dd_48df3707765d.png,191481,image/png
B_td,https://products.rubezh.ru/upload/iblock/b30/vxxwjsv6q38wyxsdlycplmlmaotd69f2/46adeaf0_8b10_11ec_80db_48df3707765d_0e79c46d_c4a0_11ec_80dd_48df3707765d.png,46adeaf0_8b10_11ec_80db_48df3707765d_0e79c46d_c4a0_11ec_80dd_48df3707765d.png,140941,image/png
B_td,https://products.rubezh.ru/upload/iblock/be5/hdlzwoce9le664m9a4l68432lwt9jnx5/432fbe58_1f56_11eb_80d6_48df3707765d_bee3b72b_9387_11eb_80d7_48df3707765d.png,432fbe58_1f56_11eb_80d6_48df3707765d_bee3b72b_9387_11eb_80d7_48df3707765d.png,243633,image/png
B_td,https://products.rubezh.ru/upload/iblock/c36/jn29g7pvddk894cusdnrbrm4q2s0yaer/8f82d72d_d2f4_11e9_80cf_48df3707765d_4ed67b98_22b7_11ed_80df_48df3707765d.png,8f82d72d_d2f4_11e9_80cf_48df3707765d_4ed67b98_22b7_11ed_80df_48df3707765d.png,179403,image/png
B_td,https://products.rubezh.ru/upload/iblock/c65/5401vgp7sc5py56hm15e5hh24nsrx6mb/b9d4adc4_71e1_11ec_80db_48df3707765d_f50723d8_06c6_11ee_adb0_48df3776c5b8.png,b9d4adc4_71e1_11ec_80db_48df3707765d_f50723d8_06c6_11ee_adb0_48df3776c5b8.png,178907,image/png
B_td,https://products.rubezh.ru/upload/iblock/c87/gk526sju8bo0ew1wsbq03egujkgh4tb4/4782d6a2_8d5b_11ec_80dc_48df3707765d_91141b44_c49c_11ec_80dd_48df3707765d.png,4782d6a2_8d5b_11ec_80dc_48df3707765d_91141b44_c49c_11ec_80dd_48df3707765d.png,209135,image/png
B_td,https://products.rubezh.ru/upload/iblock/cf5/rvj40rf26rlzsnm9ejsdcovx3d4da9g3/211656fa_8b0d_11ec_80db_48df3707765d_0215a57b_c566_11ec_80dd_48df3707765d.png,211656fa_8b0d_11ec_80db_48df3707765d_0215a57b_c566_11ec_80dd_48df3707765d.png,199602,image/png
B_td,https://products.rubezh.ru/upload/iblock/d29/ye0e6zalw2i7fn4pn6vdyto0mm8oafby/432fbe55_1f56_11eb_80d6_48df3707765d_bee3b729_9387_11eb_80d7_48df3707765d.png,432fbe55_1f56_11eb_80d6_48df3707765d_bee3b729_9387_11eb_80d7_48df3707765d.png,239623,image/png
B_td,https://products.rubezh.ru/upload/iblock/d63/jiqpurfofzkyu7t9thh43xo5vdg4eldy/38dcc303_90e3_11ea_80d2_48df3707765d_50f84387_a9d7_11ec_80dd_48df3707765d.png,38dcc303_90e3_11ea_80d2_48df3707765d_50f84387_a9d7_11ec_80dd_48df3707765d.png,252061,image/png
B_td,https://products.rubezh.ru/upload/iblock/dac/ke7wgu32k1hzrh57bmty92rg2qcli1ul/8f82d727_d2f4_11e9_80cf_48df3707765d_c4d7ae31_09f4_11eb_80d5_48df3707765d.png,8f82d727_d2f4_11e9_80cf_48df3707765d_c4d7ae31_09f4_11eb_80d5_48df3707765d.png,1171113,image/png
B_td,https://products.rubezh.ru/upload/iblock/e87/o028foro357jgn9ykcpcwdk6ws185sn1/97bed56d_8d5d_11ec_80dc_48df3707765d_c329e2c1_c49d_11ec_80dd_48df3707765d.png,97bed56d_8d5d_11ec_80dc_48df3707765d_c329e2c1_c49d_11ec_80dd_48df3707765d.png,191481,image/png
B_td,https://products.rubezh.ru/upload/iblock/e94/0vv2ae4ulx225s1g3h2kcb6u7imaru8l/81e0edc6_8d5b_11ec_80dc_48df3707765d_6bd6db3c_c49c_11ec_80dd_48df3707765d.png,81e0edc6_8d5b_11ec_80dc_48df3707765d_6bd6db3c_c49c_11ec_80dd_48df3707765d.png,209135,image/png
B_td,https://products.rubezh.ru/upload/iblock/ea8/iypz1wvttc910nrzv2y5lke9s22mw6ef/8c472256_8b0d_11ec_80db_48df3707765d_e6088392_c565_11ec_80dd_48df3707765d.png,8c472256_8b0d_11ec_80db_48df3707765d_e6088392_c565_11ec_80dd_48df3707765d.png,199602,image/png
B_td,https://products.rubezh.ru/upload/iblock/ec7/zya3uskfsqvtl3muzq4uaf6xs1dc6d5w/PIC-_-RS-_-Otraslevoe-reshenie-_-SHkola.png,PIC-_-RS-_-Otraslevoe-reshenie-_-SHkola.png,111355,image/png
B_td,https://products.rubezh.ru/upload/iblock/f24/wtg5lvb3ph3jufj0szaa4oesobktcimf/8f82d730_d2f4_11e9_80cf_48df3707765d_25ceb1c4_d2ed_11ea_80d4_48df3707765d.png,8f82d730_d2f4_11e9_80cf_48df3707765d_25ceb1c4_d2ed_11ea_80d4_48df3707765d.png,342674,image/png
B_td,https://products.rubezh.ru/upload/medialibrary/626/b08e77ym0yddatzdago87zxb0pvf8c2g/turnstile_about-_-OSDP.png,turnstile_about-_-OSDP.png,22556,image/png
B_td,https://products.rubezh.ru/upload/medialibrary/8cf/4y2f5k0lnq36m4s8tykroal2cif33n66/turniket_sostav-2-sch-_1000_.jpg,turniket_sostav-2-sch-_1000_.jpg,115779,image/jpeg
